--
-- PostgreSQL database dump
--

-- Dumped from database version 15.8
-- Dumped by pg_dump version 16.1

-- Started on 2024-10-18 11:22:24 -04

SET statement_timeout = 0;
SET lock_timeout = 0;
SET idle_in_transaction_session_timeout = 0;
SET client_encoding = 'UTF8';
SET standard_conforming_strings = on;
SELECT pg_catalog.set_config('search_path', '', false);
SET check_function_bodies = false;
SET xmloption = content;
SET client_min_messages = warning;
SET row_security = off;

--
-- TOC entry 4 (class 2615 OID 2200)
-- Name: public; Type: SCHEMA; Schema: -; Owner: -
--


--
-- TOC entry 3556 (class 0 OID 0)
-- Dependencies: 4
-- Name: SCHEMA public; Type: COMMENT; Schema: -; Owner: -
--

COMMENT ON SCHEMA public IS 'standard public schema';


SET default_tablespace = '';

SET default_table_access_method = heap;

--
-- TOC entry 221 (class 1259 OID 16408)
-- Name: auth_group; Type: TABLE; Schema: public; Owner: -
--

CREATE TABLE public.auth_group (
    id integer NOT NULL,
    name character varying(150) NOT NULL
);


--
-- TOC entry 220 (class 1259 OID 16407)
-- Name: auth_group_id_seq; Type: SEQUENCE; Schema: public; Owner: -
--

ALTER TABLE public.auth_group ALTER COLUMN id ADD GENERATED BY DEFAULT AS IDENTITY (
    SEQUENCE NAME public.auth_group_id_seq
    START WITH 1
    INCREMENT BY 1
    NO MINVALUE
    NO MAXVALUE
    CACHE 1
);


--
-- TOC entry 223 (class 1259 OID 16416)
-- Name: auth_group_permissions; Type: TABLE; Schema: public; Owner: -
--

CREATE TABLE public.auth_group_permissions (
    id bigint NOT NULL,
    group_id integer NOT NULL,
    permission_id integer NOT NULL
);


--
-- TOC entry 222 (class 1259 OID 16415)
-- Name: auth_group_permissions_id_seq; Type: SEQUENCE; Schema: public; Owner: -
--

ALTER TABLE public.auth_group_permissions ALTER COLUMN id ADD GENERATED BY DEFAULT AS IDENTITY (
    SEQUENCE NAME public.auth_group_permissions_id_seq
    START WITH 1
    INCREMENT BY 1
    NO MINVALUE
    NO MAXVALUE
    CACHE 1
);


--
-- TOC entry 219 (class 1259 OID 16402)
-- Name: auth_permission; Type: TABLE; Schema: public; Owner: -
--

CREATE TABLE public.auth_permission (
    id integer NOT NULL,
    name character varying(255) NOT NULL,
    content_type_id integer NOT NULL,
    codename character varying(100) NOT NULL
);


--
-- TOC entry 218 (class 1259 OID 16401)
-- Name: auth_permission_id_seq; Type: SEQUENCE; Schema: public; Owner: -
--

ALTER TABLE public.auth_permission ALTER COLUMN id ADD GENERATED BY DEFAULT AS IDENTITY (
    SEQUENCE NAME public.auth_permission_id_seq
    START WITH 1
    INCREMENT BY 1
    NO MINVALUE
    NO MAXVALUE
    CACHE 1
);


--
-- TOC entry 225 (class 1259 OID 16422)
-- Name: auth_user; Type: TABLE; Schema: public; Owner: -
--

CREATE TABLE public.auth_user (
    id integer NOT NULL,
    password character varying(128) NOT NULL,
    last_login timestamp with time zone,
    is_superuser boolean NOT NULL,
    username character varying(150) NOT NULL,
    first_name character varying(150) NOT NULL,
    last_name character varying(150) NOT NULL,
    email character varying(254) NOT NULL,
    is_staff boolean NOT NULL,
    is_active boolean NOT NULL,
    date_joined timestamp with time zone NOT NULL
);


--
-- TOC entry 227 (class 1259 OID 16430)
-- Name: auth_user_groups; Type: TABLE; Schema: public; Owner: -
--

CREATE TABLE public.auth_user_groups (
    id bigint NOT NULL,
    user_id integer NOT NULL,
    group_id integer NOT NULL
);


--
-- TOC entry 226 (class 1259 OID 16429)
-- Name: auth_user_groups_id_seq; Type: SEQUENCE; Schema: public; Owner: -
--

ALTER TABLE public.auth_user_groups ALTER COLUMN id ADD GENERATED BY DEFAULT AS IDENTITY (
    SEQUENCE NAME public.auth_user_groups_id_seq
    START WITH 1
    INCREMENT BY 1
    NO MINVALUE
    NO MAXVALUE
    CACHE 1
);


--
-- TOC entry 224 (class 1259 OID 16421)
-- Name: auth_user_id_seq; Type: SEQUENCE; Schema: public; Owner: -
--

ALTER TABLE public.auth_user ALTER COLUMN id ADD GENERATED BY DEFAULT AS IDENTITY (
    SEQUENCE NAME public.auth_user_id_seq
    START WITH 1
    INCREMENT BY 1
    NO MINVALUE
    NO MAXVALUE
    CACHE 1
);


--
-- TOC entry 229 (class 1259 OID 16436)
-- Name: auth_user_user_permissions; Type: TABLE; Schema: public; Owner: -
--

CREATE TABLE public.auth_user_user_permissions (
    id bigint NOT NULL,
    user_id integer NOT NULL,
    permission_id integer NOT NULL
);


--
-- TOC entry 228 (class 1259 OID 16435)
-- Name: auth_user_user_permissions_id_seq; Type: SEQUENCE; Schema: public; Owner: -
--

ALTER TABLE public.auth_user_user_permissions ALTER COLUMN id ADD GENERATED BY DEFAULT AS IDENTITY (
    SEQUENCE NAME public.auth_user_user_permissions_id_seq
    START WITH 1
    INCREMENT BY 1
    NO MINVALUE
    NO MAXVALUE
    CACHE 1
);


--
-- TOC entry 234 (class 1259 OID 16677)
-- Name: culture; Type: TABLE; Schema: public; Owner: -
--

CREATE TABLE public.culture (
    id bigint NOT NULL,
    name character varying(150) NOT NULL
);


--
-- TOC entry 233 (class 1259 OID 16676)
-- Name: culture_id_seq; Type: SEQUENCE; Schema: public; Owner: -
--

ALTER TABLE public.culture ALTER COLUMN id ADD GENERATED BY DEFAULT AS IDENTITY (
    SEQUENCE NAME public.culture_id_seq
    START WITH 1
    INCREMENT BY 1
    NO MINVALUE
    NO MAXVALUE
    CACHE 1
);


--
-- TOC entry 231 (class 1259 OID 16494)
-- Name: django_admin_log; Type: TABLE; Schema: public; Owner: -
--

CREATE TABLE public.django_admin_log (
    id integer NOT NULL,
    action_time timestamp with time zone NOT NULL,
    object_id text,
    object_repr character varying(200) NOT NULL,
    action_flag smallint NOT NULL,
    change_message text NOT NULL,
    content_type_id integer,
    user_id integer NOT NULL,
    CONSTRAINT django_admin_log_action_flag_check CHECK ((action_flag >= 0))
);


--
-- TOC entry 230 (class 1259 OID 16493)
-- Name: django_admin_log_id_seq; Type: SEQUENCE; Schema: public; Owner: -
--

ALTER TABLE public.django_admin_log ALTER COLUMN id ADD GENERATED BY DEFAULT AS IDENTITY (
    SEQUENCE NAME public.django_admin_log_id_seq
    START WITH 1
    INCREMENT BY 1
    NO MINVALUE
    NO MAXVALUE
    CACHE 1
);


--
-- TOC entry 217 (class 1259 OID 16394)
-- Name: django_content_type; Type: TABLE; Schema: public; Owner: -
--

CREATE TABLE public.django_content_type (
    id integer NOT NULL,
    app_label character varying(100) NOT NULL,
    model character varying(100) NOT NULL
);


--
-- TOC entry 216 (class 1259 OID 16393)
-- Name: django_content_type_id_seq; Type: SEQUENCE; Schema: public; Owner: -
--

ALTER TABLE public.django_content_type ALTER COLUMN id ADD GENERATED BY DEFAULT AS IDENTITY (
    SEQUENCE NAME public.django_content_type_id_seq
    START WITH 1
    INCREMENT BY 1
    NO MINVALUE
    NO MAXVALUE
    CACHE 1
);


--
-- TOC entry 215 (class 1259 OID 16386)
-- Name: django_migrations; Type: TABLE; Schema: public; Owner: -
--

CREATE TABLE public.django_migrations (
    id bigint NOT NULL,
    app character varying(255) NOT NULL,
    name character varying(255) NOT NULL,
    applied timestamp with time zone NOT NULL
);


--
-- TOC entry 214 (class 1259 OID 16385)
-- Name: django_migrations_id_seq; Type: SEQUENCE; Schema: public; Owner: -
--

ALTER TABLE public.django_migrations ALTER COLUMN id ADD GENERATED BY DEFAULT AS IDENTITY (
    SEQUENCE NAME public.django_migrations_id_seq
    START WITH 1
    INCREMENT BY 1
    NO MINVALUE
    NO MAXVALUE
    CACHE 1
);


--
-- TOC entry 232 (class 1259 OID 16522)
-- Name: django_session; Type: TABLE; Schema: public; Owner: -
--

CREATE TABLE public.django_session (
    session_key character varying(40) NOT NULL,
    session_data text NOT NULL,
    expire_date timestamp with time zone NOT NULL
);


--
-- TOC entry 238 (class 1259 OID 16691)
-- Name: farm; Type: TABLE; Schema: public; Owner: -
--

CREATE TABLE public.farm (
    id bigint NOT NULL,
    name character varying(150) NOT NULL,
    total_area numeric(11,2) NOT NULL,
    vegetal_area numeric(11,2) NOT NULL,
    available_area numeric(11,2) NOT NULL,
    city character varying(100) NOT NULL,
    state character varying(2) NOT NULL,
    owner_id bigint NOT NULL
);


--
-- TOC entry 240 (class 1259 OID 16697)
-- Name: farm_cultures; Type: TABLE; Schema: public; Owner: -
--

CREATE TABLE public.farm_cultures (
    id bigint NOT NULL,
    farm_id bigint NOT NULL,
    culture_id bigint NOT NULL
);


--
-- TOC entry 239 (class 1259 OID 16696)
-- Name: farm_cultures_id_seq; Type: SEQUENCE; Schema: public; Owner: -
--

ALTER TABLE public.farm_cultures ALTER COLUMN id ADD GENERATED BY DEFAULT AS IDENTITY (
    SEQUENCE NAME public.farm_cultures_id_seq
    START WITH 1
    INCREMENT BY 1
    NO MINVALUE
    NO MAXVALUE
    CACHE 1
);


--
-- TOC entry 237 (class 1259 OID 16690)
-- Name: farm_id_seq; Type: SEQUENCE; Schema: public; Owner: -
--

ALTER TABLE public.farm ALTER COLUMN id ADD GENERATED BY DEFAULT AS IDENTITY (
    SEQUENCE NAME public.farm_id_seq
    START WITH 1
    INCREMENT BY 1
    NO MINVALUE
    NO MAXVALUE
    CACHE 1
);


--
-- TOC entry 236 (class 1259 OID 16683)
-- Name: farmer; Type: TABLE; Schema: public; Owner: -
--

CREATE TABLE public.farmer (
    id bigint NOT NULL,
    name character varying(150) NOT NULL,
    document character varying(14) NOT NULL
);


--
-- TOC entry 235 (class 1259 OID 16682)
-- Name: farmer_id_seq; Type: SEQUENCE; Schema: public; Owner: -
--

ALTER TABLE public.farmer ALTER COLUMN id ADD GENERATED BY DEFAULT AS IDENTITY (
    SEQUENCE NAME public.farmer_id_seq
    START WITH 1
    INCREMENT BY 1
    NO MINVALUE
    NO MAXVALUE
    CACHE 1
);


--
-- TOC entry 3531 (class 0 OID 16408)
-- Dependencies: 221
-- Data for Name: auth_group; Type: TABLE DATA; Schema: public; Owner: -
--



--
-- TOC entry 3533 (class 0 OID 16416)
-- Dependencies: 223
-- Data for Name: auth_group_permissions; Type: TABLE DATA; Schema: public; Owner: -
--



--
-- TOC entry 3529 (class 0 OID 16402)
-- Dependencies: 219
-- Data for Name: auth_permission; Type: TABLE DATA; Schema: public; Owner: -
--

INSERT INTO public.auth_permission VALUES (1, 'Can add log entry', 1, 'add_logentry');
INSERT INTO public.auth_permission VALUES (2, 'Can change log entry', 1, 'change_logentry');
INSERT INTO public.auth_permission VALUES (3, 'Can delete log entry', 1, 'delete_logentry');
INSERT INTO public.auth_permission VALUES (4, 'Can view log entry', 1, 'view_logentry');
INSERT INTO public.auth_permission VALUES (5, 'Can add permission', 2, 'add_permission');
INSERT INTO public.auth_permission VALUES (6, 'Can change permission', 2, 'change_permission');
INSERT INTO public.auth_permission VALUES (7, 'Can delete permission', 2, 'delete_permission');
INSERT INTO public.auth_permission VALUES (8, 'Can view permission', 2, 'view_permission');
INSERT INTO public.auth_permission VALUES (9, 'Can add group', 3, 'add_group');
INSERT INTO public.auth_permission VALUES (10, 'Can change group', 3, 'change_group');
INSERT INTO public.auth_permission VALUES (11, 'Can delete group', 3, 'delete_group');
INSERT INTO public.auth_permission VALUES (12, 'Can view group', 3, 'view_group');
INSERT INTO public.auth_permission VALUES (13, 'Can add user', 4, 'add_user');
INSERT INTO public.auth_permission VALUES (14, 'Can change user', 4, 'change_user');
INSERT INTO public.auth_permission VALUES (15, 'Can delete user', 4, 'delete_user');
INSERT INTO public.auth_permission VALUES (16, 'Can view user', 4, 'view_user');
INSERT INTO public.auth_permission VALUES (17, 'Can add content type', 5, 'add_contenttype');
INSERT INTO public.auth_permission VALUES (18, 'Can change content type', 5, 'change_contenttype');
INSERT INTO public.auth_permission VALUES (19, 'Can delete content type', 5, 'delete_contenttype');
INSERT INTO public.auth_permission VALUES (20, 'Can view content type', 5, 'view_contenttype');
INSERT INTO public.auth_permission VALUES (21, 'Can add session', 6, 'add_session');
INSERT INTO public.auth_permission VALUES (22, 'Can change session', 6, 'change_session');
INSERT INTO public.auth_permission VALUES (23, 'Can delete session', 6, 'delete_session');
INSERT INTO public.auth_permission VALUES (24, 'Can view session', 6, 'view_session');
INSERT INTO public.auth_permission VALUES (25, 'Can add farmer', 7, 'add_farmer');
INSERT INTO public.auth_permission VALUES (26, 'Can change farmer', 7, 'change_farmer');
INSERT INTO public.auth_permission VALUES (27, 'Can delete farmer', 7, 'delete_farmer');
INSERT INTO public.auth_permission VALUES (28, 'Can view farmer', 7, 'view_farmer');
INSERT INTO public.auth_permission VALUES (29, 'Can add farm', 8, 'add_farm');
INSERT INTO public.auth_permission VALUES (30, 'Can change farm', 8, 'change_farm');
INSERT INTO public.auth_permission VALUES (31, 'Can delete farm', 8, 'delete_farm');
INSERT INTO public.auth_permission VALUES (32, 'Can view farm', 8, 'view_farm');
INSERT INTO public.auth_permission VALUES (33, 'Can add cultures', 9, 'add_cultures');
INSERT INTO public.auth_permission VALUES (34, 'Can change cultures', 9, 'change_cultures');
INSERT INTO public.auth_permission VALUES (35, 'Can delete cultures', 9, 'delete_cultures');
INSERT INTO public.auth_permission VALUES (36, 'Can view cultures', 9, 'view_cultures');
INSERT INTO public.auth_permission VALUES (37, 'Can add culture', 10, 'add_culture');
INSERT INTO public.auth_permission VALUES (38, 'Can change culture', 10, 'change_culture');
INSERT INTO public.auth_permission VALUES (39, 'Can delete culture', 10, 'delete_culture');
INSERT INTO public.auth_permission VALUES (40, 'Can view culture', 10, 'view_culture');


--
-- TOC entry 3535 (class 0 OID 16422)
-- Dependencies: 225
-- Data for Name: auth_user; Type: TABLE DATA; Schema: public; Owner: -
--

INSERT INTO public.auth_user VALUES (1, 'pbkdf2_sha256$870000$x6nXhb6euDM23StEO486Gd$rMV4y2QOFGKUTraWKonRyJQCbHnjKmYYeyYvusrbhI0=', '2024-10-18 01:41:36.128998+00', true, 'jotagesales', '', '', 'jotage_sales@hotmail.com', true, true, '2024-10-17 00:46:48.871262+00');


--
-- TOC entry 3537 (class 0 OID 16430)
-- Dependencies: 227
-- Data for Name: auth_user_groups; Type: TABLE DATA; Schema: public; Owner: -
--



--
-- TOC entry 3539 (class 0 OID 16436)
-- Dependencies: 229
-- Data for Name: auth_user_user_permissions; Type: TABLE DATA; Schema: public; Owner: -
--



--
-- TOC entry 3544 (class 0 OID 16677)
-- Dependencies: 234
-- Data for Name: culture; Type: TABLE DATA; Schema: public; Owner: -
--

INSERT INTO public.culture VALUES (1, 'Soja');
INSERT INTO public.culture VALUES (2, 'Milho');
INSERT INTO public.culture VALUES (3, 'Algodão');
INSERT INTO public.culture VALUES (4, 'Café');
INSERT INTO public.culture VALUES (5, 'Cana de Açucar');
INSERT INTO public.culture VALUES (6, 'Manga');
INSERT INTO public.culture VALUES (7, 'Limão');
INSERT INTO public.culture VALUES (8, 'Banana');


--
-- TOC entry 3541 (class 0 OID 16494)
-- Dependencies: 231
-- Data for Name: django_admin_log; Type: TABLE DATA; Schema: public; Owner: -
--

INSERT INTO public.django_admin_log VALUES (1, '2024-10-17 18:39:14.221243+00', '1', '12345678909 - Jose Sales', 1, '[{"added": {}}]', 7, 1);
INSERT INTO public.django_admin_log VALUES (2, '2024-10-17 18:39:38.309194+00', '1', 'Santo Antonio', 1, '[{"added": {}}]', 8, 1);


--
-- TOC entry 3527 (class 0 OID 16394)
-- Dependencies: 217
-- Data for Name: django_content_type; Type: TABLE DATA; Schema: public; Owner: -
--

INSERT INTO public.django_content_type VALUES (1, 'admin', 'logentry');
INSERT INTO public.django_content_type VALUES (2, 'auth', 'permission');
INSERT INTO public.django_content_type VALUES (3, 'auth', 'group');
INSERT INTO public.django_content_type VALUES (4, 'auth', 'user');
INSERT INTO public.django_content_type VALUES (5, 'contenttypes', 'contenttype');
INSERT INTO public.django_content_type VALUES (6, 'sessions', 'session');
INSERT INTO public.django_content_type VALUES (7, 'agro', 'farmer');
INSERT INTO public.django_content_type VALUES (8, 'agro', 'farm');
INSERT INTO public.django_content_type VALUES (9, 'agro', 'cultures');
INSERT INTO public.django_content_type VALUES (10, 'agro', 'culture');


--
-- TOC entry 3525 (class 0 OID 16386)
-- Dependencies: 215
-- Data for Name: django_migrations; Type: TABLE DATA; Schema: public; Owner: -
--

INSERT INTO public.django_migrations VALUES (1, 'contenttypes', '0001_initial', '2024-10-16 19:02:02.74785+00');
INSERT INTO public.django_migrations VALUES (2, 'auth', '0001_initial', '2024-10-16 19:02:02.859888+00');
INSERT INTO public.django_migrations VALUES (3, 'admin', '0001_initial', '2024-10-16 19:02:02.889414+00');
INSERT INTO public.django_migrations VALUES (4, 'admin', '0002_logentry_remove_auto_add', '2024-10-16 19:02:02.895797+00');
INSERT INTO public.django_migrations VALUES (5, 'admin', '0003_logentry_add_action_flag_choices', '2024-10-16 19:02:02.903473+00');
INSERT INTO public.django_migrations VALUES (6, 'contenttypes', '0002_remove_content_type_name', '2024-10-16 19:02:02.919329+00');
INSERT INTO public.django_migrations VALUES (7, 'auth', '0002_alter_permission_name_max_length', '2024-10-16 19:02:02.929004+00');
INSERT INTO public.django_migrations VALUES (8, 'auth', '0003_alter_user_email_max_length', '2024-10-16 19:02:02.937045+00');
INSERT INTO public.django_migrations VALUES (9, 'auth', '0004_alter_user_username_opts', '2024-10-16 19:02:02.943722+00');
INSERT INTO public.django_migrations VALUES (10, 'auth', '0005_alter_user_last_login_null', '2024-10-16 19:02:02.953038+00');
INSERT INTO public.django_migrations VALUES (11, 'auth', '0006_require_contenttypes_0002', '2024-10-16 19:02:02.95478+00');
INSERT INTO public.django_migrations VALUES (12, 'auth', '0007_alter_validators_add_error_messages', '2024-10-16 19:02:02.961718+00');
INSERT INTO public.django_migrations VALUES (13, 'auth', '0008_alter_user_username_max_length', '2024-10-16 19:02:02.977053+00');
INSERT INTO public.django_migrations VALUES (14, 'auth', '0009_alter_user_last_name_max_length', '2024-10-16 19:02:02.986087+00');
INSERT INTO public.django_migrations VALUES (15, 'auth', '0010_alter_group_name_max_length', '2024-10-16 19:02:02.996892+00');
INSERT INTO public.django_migrations VALUES (16, 'auth', '0011_update_proxy_permissions', '2024-10-16 19:02:03.003816+00');
INSERT INTO public.django_migrations VALUES (17, 'auth', '0012_alter_user_first_name_max_length', '2024-10-16 19:02:03.014146+00');
INSERT INTO public.django_migrations VALUES (18, 'sessions', '0001_initial', '2024-10-16 19:02:03.032314+00');
INSERT INTO public.django_migrations VALUES (21, 'agro', '0001_initial', '2024-10-17 17:18:38.390238+00');


--
-- TOC entry 3542 (class 0 OID 16522)
-- Dependencies: 232
-- Data for Name: django_session; Type: TABLE DATA; Schema: public; Owner: -
--



--
-- TOC entry 3548 (class 0 OID 16691)
-- Dependencies: 238
-- Data for Name: farm; Type: TABLE DATA; Schema: public; Owner: -
--

INSERT INTO public.farm VALUES (1, 'Santo Antonio', 100.00, 30.00, 70.00, 'Ponta Porã', 'MS', 1);
INSERT INTO public.farm VALUES (3, 'Nova India', 50.00, 10.00, 40.00, 'Uberaba', 'MG', 4);
INSERT INTO public.farm VALUES (5, 'test', 100.00, 10.00, 1.00, 'sdf', 'st', 7);
INSERT INTO public.farm VALUES (6, 'test', 100.00, 10.00, 10.00, 'Ponta Porã', 'MS', 1);
INSERT INTO public.farm VALUES (7, 'test', 100.00, 10.00, 10.00, 'Ponta Porã', 'MS', 1);
INSERT INTO public.farm VALUES (8, 'test', 100.00, 10.00, 10.00, 'Ponta Porã', 'MS', 1);
INSERT INTO public.farm VALUES (9, 'test', 100.00, 10.00, 10.00, 'sdf', 'MS', 1);
INSERT INTO public.farm VALUES (10, 'sdfsdf', 500.00, 5.00, 56.00, 'sdf', 'st', 9);
INSERT INTO public.farm VALUES (11, 'sdfsdf', 500.00, 5.00, 56.00, 'sdf', 'st', 9);
INSERT INTO public.farm VALUES (12, 'sdfsdf', 500.00, 5.00, 56.00, 'sdf', 'st', 9);
INSERT INTO public.farm VALUES (13, 'sdfsdf', 500.00, 5.00, 56.00, 'sdf', 'st', 1);
INSERT INTO public.farm VALUES (14, 'sdfsdf', 500.00, 5.00, 56.00, 'sdf', 'st', 1);


--
-- TOC entry 3550 (class 0 OID 16697)
-- Dependencies: 240
-- Data for Name: farm_cultures; Type: TABLE DATA; Schema: public; Owner: -
--

INSERT INTO public.farm_cultures VALUES (1, 1, 1);
INSERT INTO public.farm_cultures VALUES (2, 1, 2);
INSERT INTO public.farm_cultures VALUES (3, 1, 3);
INSERT INTO public.farm_cultures VALUES (4, 1, 4);
INSERT INTO public.farm_cultures VALUES (5, 1, 5);
INSERT INTO public.farm_cultures VALUES (6, 1, 6);
INSERT INTO public.farm_cultures VALUES (7, 1, 7);
INSERT INTO public.farm_cultures VALUES (8, 1, 8);
INSERT INTO public.farm_cultures VALUES (9, 6, 1);
INSERT INTO public.farm_cultures VALUES (10, 6, 2);
INSERT INTO public.farm_cultures VALUES (11, 6, 3);
INSERT INTO public.farm_cultures VALUES (12, 6, 4);
INSERT INTO public.farm_cultures VALUES (13, 7, 1);
INSERT INTO public.farm_cultures VALUES (14, 7, 2);
INSERT INTO public.farm_cultures VALUES (15, 7, 3);
INSERT INTO public.farm_cultures VALUES (16, 7, 4);
INSERT INTO public.farm_cultures VALUES (17, 8, 1);
INSERT INTO public.farm_cultures VALUES (18, 8, 2);
INSERT INTO public.farm_cultures VALUES (21, 9, 1);
INSERT INTO public.farm_cultures VALUES (22, 9, 2);
INSERT INTO public.farm_cultures VALUES (23, 10, 1);
INSERT INTO public.farm_cultures VALUES (24, 11, 1);
INSERT INTO public.farm_cultures VALUES (25, 12, 1);
INSERT INTO public.farm_cultures VALUES (26, 13, 1);
INSERT INTO public.farm_cultures VALUES (27, 14, 1);


--
-- TOC entry 3546 (class 0 OID 16683)
-- Dependencies: 236
-- Data for Name: farmer; Type: TABLE DATA; Schema: public; Owner: -
--

INSERT INTO public.farmer VALUES (1, 'Jose Sales', '12345678909');
INSERT INTO public.farmer VALUES (4, 'José Sales', '123456788');
INSERT INTO public.farmer VALUES (5, 'José Sales', '1234567890900');
INSERT INTO public.farmer VALUES (6, 'José Sales', '1234567890901');
INSERT INTO public.farmer VALUES (7, 'test', '654987');
INSERT INTO public.farmer VALUES (9, 'dfs', '123654');


--
-- TOC entry 3557 (class 0 OID 0)
-- Dependencies: 220
-- Name: auth_group_id_seq; Type: SEQUENCE SET; Schema: public; Owner: -
--

SELECT pg_catalog.setval('public.auth_group_id_seq', 1, false);


--
-- TOC entry 3558 (class 0 OID 0)
-- Dependencies: 222
-- Name: auth_group_permissions_id_seq; Type: SEQUENCE SET; Schema: public; Owner: -
--

SELECT pg_catalog.setval('public.auth_group_permissions_id_seq', 1, false);


--
-- TOC entry 3559 (class 0 OID 0)
-- Dependencies: 218
-- Name: auth_permission_id_seq; Type: SEQUENCE SET; Schema: public; Owner: -
--

SELECT pg_catalog.setval('public.auth_permission_id_seq', 40, true);


--
-- TOC entry 3560 (class 0 OID 0)
-- Dependencies: 226
-- Name: auth_user_groups_id_seq; Type: SEQUENCE SET; Schema: public; Owner: -
--

SELECT pg_catalog.setval('public.auth_user_groups_id_seq', 1, false);


--
-- TOC entry 3561 (class 0 OID 0)
-- Dependencies: 224
-- Name: auth_user_id_seq; Type: SEQUENCE SET; Schema: public; Owner: -
--

SELECT pg_catalog.setval('public.auth_user_id_seq', 1, true);


--
-- TOC entry 3562 (class 0 OID 0)
-- Dependencies: 228
-- Name: auth_user_user_permissions_id_seq; Type: SEQUENCE SET; Schema: public; Owner: -
--

SELECT pg_catalog.setval('public.auth_user_user_permissions_id_seq', 1, false);


--
-- TOC entry 3563 (class 0 OID 0)
-- Dependencies: 233
-- Name: culture_id_seq; Type: SEQUENCE SET; Schema: public; Owner: -
--

SELECT pg_catalog.setval('public.culture_id_seq', 8, true);


--
-- TOC entry 3564 (class 0 OID 0)
-- Dependencies: 230
-- Name: django_admin_log_id_seq; Type: SEQUENCE SET; Schema: public; Owner: -
--

SELECT pg_catalog.setval('public.django_admin_log_id_seq', 2, true);


--
-- TOC entry 3565 (class 0 OID 0)
-- Dependencies: 216
-- Name: django_content_type_id_seq; Type: SEQUENCE SET; Schema: public; Owner: -
--

SELECT pg_catalog.setval('public.django_content_type_id_seq', 10, true);


--
-- TOC entry 3566 (class 0 OID 0)
-- Dependencies: 214
-- Name: django_migrations_id_seq; Type: SEQUENCE SET; Schema: public; Owner: -
--

SELECT pg_catalog.setval('public.django_migrations_id_seq', 21, true);


--
-- TOC entry 3567 (class 0 OID 0)
-- Dependencies: 239
-- Name: farm_cultures_id_seq; Type: SEQUENCE SET; Schema: public; Owner: -
--

SELECT pg_catalog.setval('public.farm_cultures_id_seq', 27, true);


--
-- TOC entry 3568 (class 0 OID 0)
-- Dependencies: 237
-- Name: farm_id_seq; Type: SEQUENCE SET; Schema: public; Owner: -
--

SELECT pg_catalog.setval('public.farm_id_seq', 14, true);


--
-- TOC entry 3569 (class 0 OID 0)
-- Dependencies: 235
-- Name: farmer_id_seq; Type: SEQUENCE SET; Schema: public; Owner: -
--

SELECT pg_catalog.setval('public.farmer_id_seq', 9, true);


--
-- TOC entry 3320 (class 2606 OID 16520)
-- Name: auth_group auth_group_name_key; Type: CONSTRAINT; Schema: public; Owner: -
--

ALTER TABLE ONLY public.auth_group
    ADD CONSTRAINT auth_group_name_key UNIQUE (name);


--
-- TOC entry 3325 (class 2606 OID 16451)
-- Name: auth_group_permissions auth_group_permissions_group_id_permission_id_0cd325b0_uniq; Type: CONSTRAINT; Schema: public; Owner: -
--

ALTER TABLE ONLY public.auth_group_permissions
    ADD CONSTRAINT auth_group_permissions_group_id_permission_id_0cd325b0_uniq UNIQUE (group_id, permission_id);


--
-- TOC entry 3328 (class 2606 OID 16420)
-- Name: auth_group_permissions auth_group_permissions_pkey; Type: CONSTRAINT; Schema: public; Owner: -
--

ALTER TABLE ONLY public.auth_group_permissions
    ADD CONSTRAINT auth_group_permissions_pkey PRIMARY KEY (id);


--
-- TOC entry 3322 (class 2606 OID 16412)
-- Name: auth_group auth_group_pkey; Type: CONSTRAINT; Schema: public; Owner: -
--

ALTER TABLE ONLY public.auth_group
    ADD CONSTRAINT auth_group_pkey PRIMARY KEY (id);


--
-- TOC entry 3315 (class 2606 OID 16442)
-- Name: auth_permission auth_permission_content_type_id_codename_01ab375a_uniq; Type: CONSTRAINT; Schema: public; Owner: -
--

ALTER TABLE ONLY public.auth_permission
    ADD CONSTRAINT auth_permission_content_type_id_codename_01ab375a_uniq UNIQUE (content_type_id, codename);


--
-- TOC entry 3317 (class 2606 OID 16406)
-- Name: auth_permission auth_permission_pkey; Type: CONSTRAINT; Schema: public; Owner: -
--

ALTER TABLE ONLY public.auth_permission
    ADD CONSTRAINT auth_permission_pkey PRIMARY KEY (id);


--
-- TOC entry 3336 (class 2606 OID 16434)
-- Name: auth_user_groups auth_user_groups_pkey; Type: CONSTRAINT; Schema: public; Owner: -
--

ALTER TABLE ONLY public.auth_user_groups
    ADD CONSTRAINT auth_user_groups_pkey PRIMARY KEY (id);


--
-- TOC entry 3339 (class 2606 OID 16466)
-- Name: auth_user_groups auth_user_groups_user_id_group_id_94350c0c_uniq; Type: CONSTRAINT; Schema: public; Owner: -
--

ALTER TABLE ONLY public.auth_user_groups
    ADD CONSTRAINT auth_user_groups_user_id_group_id_94350c0c_uniq UNIQUE (user_id, group_id);


--
-- TOC entry 3330 (class 2606 OID 16426)
-- Name: auth_user auth_user_pkey; Type: CONSTRAINT; Schema: public; Owner: -
--

ALTER TABLE ONLY public.auth_user
    ADD CONSTRAINT auth_user_pkey PRIMARY KEY (id);


--
-- TOC entry 3342 (class 2606 OID 16440)
-- Name: auth_user_user_permissions auth_user_user_permissions_pkey; Type: CONSTRAINT; Schema: public; Owner: -
--

ALTER TABLE ONLY public.auth_user_user_permissions
    ADD CONSTRAINT auth_user_user_permissions_pkey PRIMARY KEY (id);


--
-- TOC entry 3345 (class 2606 OID 16480)
-- Name: auth_user_user_permissions auth_user_user_permissions_user_id_permission_id_14a6b632_uniq; Type: CONSTRAINT; Schema: public; Owner: -
--

ALTER TABLE ONLY public.auth_user_user_permissions
    ADD CONSTRAINT auth_user_user_permissions_user_id_permission_id_14a6b632_uniq UNIQUE (user_id, permission_id);


--
-- TOC entry 3333 (class 2606 OID 16515)
-- Name: auth_user auth_user_username_key; Type: CONSTRAINT; Schema: public; Owner: -
--

ALTER TABLE ONLY public.auth_user
    ADD CONSTRAINT auth_user_username_key UNIQUE (username);


--
-- TOC entry 3355 (class 2606 OID 16681)
-- Name: culture culture_pkey; Type: CONSTRAINT; Schema: public; Owner: -
--

ALTER TABLE ONLY public.culture
    ADD CONSTRAINT culture_pkey PRIMARY KEY (id);


--
-- TOC entry 3348 (class 2606 OID 16501)
-- Name: django_admin_log django_admin_log_pkey; Type: CONSTRAINT; Schema: public; Owner: -
--

ALTER TABLE ONLY public.django_admin_log
    ADD CONSTRAINT django_admin_log_pkey PRIMARY KEY (id);


--
-- TOC entry 3310 (class 2606 OID 16400)
-- Name: django_content_type django_content_type_app_label_model_76bd3d3b_uniq; Type: CONSTRAINT; Schema: public; Owner: -
--

ALTER TABLE ONLY public.django_content_type
    ADD CONSTRAINT django_content_type_app_label_model_76bd3d3b_uniq UNIQUE (app_label, model);


--
-- TOC entry 3312 (class 2606 OID 16398)
-- Name: django_content_type django_content_type_pkey; Type: CONSTRAINT; Schema: public; Owner: -
--

ALTER TABLE ONLY public.django_content_type
    ADD CONSTRAINT django_content_type_pkey PRIMARY KEY (id);


--
-- TOC entry 3308 (class 2606 OID 16392)
-- Name: django_migrations django_migrations_pkey; Type: CONSTRAINT; Schema: public; Owner: -
--

ALTER TABLE ONLY public.django_migrations
    ADD CONSTRAINT django_migrations_pkey PRIMARY KEY (id);


--
-- TOC entry 3352 (class 2606 OID 16528)
-- Name: django_session django_session_pkey; Type: CONSTRAINT; Schema: public; Owner: -
--

ALTER TABLE ONLY public.django_session
    ADD CONSTRAINT django_session_pkey PRIMARY KEY (session_key);


--
-- TOC entry 3366 (class 2606 OID 16710)
-- Name: farm_cultures farm_cultures_farm_id_culture_id_f9a2e19c_uniq; Type: CONSTRAINT; Schema: public; Owner: -
--

ALTER TABLE ONLY public.farm_cultures
    ADD CONSTRAINT farm_cultures_farm_id_culture_id_f9a2e19c_uniq UNIQUE (farm_id, culture_id);


--
-- TOC entry 3369 (class 2606 OID 16701)
-- Name: farm_cultures farm_cultures_pkey; Type: CONSTRAINT; Schema: public; Owner: -
--

ALTER TABLE ONLY public.farm_cultures
    ADD CONSTRAINT farm_cultures_pkey PRIMARY KEY (id);


--
-- TOC entry 3363 (class 2606 OID 16695)
-- Name: farm farm_pkey; Type: CONSTRAINT; Schema: public; Owner: -
--

ALTER TABLE ONLY public.farm
    ADD CONSTRAINT farm_pkey PRIMARY KEY (id);


--
-- TOC entry 3358 (class 2606 OID 16689)
-- Name: farmer farmer_document_key; Type: CONSTRAINT; Schema: public; Owner: -
--

ALTER TABLE ONLY public.farmer
    ADD CONSTRAINT farmer_document_key UNIQUE (document);


--
-- TOC entry 3360 (class 2606 OID 16687)
-- Name: farmer farmer_pkey; Type: CONSTRAINT; Schema: public; Owner: -
--

ALTER TABLE ONLY public.farmer
    ADD CONSTRAINT farmer_pkey PRIMARY KEY (id);


--
-- TOC entry 3318 (class 1259 OID 16521)
-- Name: auth_group_name_a6ea08ec_like; Type: INDEX; Schema: public; Owner: -
--

CREATE INDEX auth_group_name_a6ea08ec_like ON public.auth_group USING btree (name varchar_pattern_ops);


--
-- TOC entry 3323 (class 1259 OID 16462)
-- Name: auth_group_permissions_group_id_b120cbf9; Type: INDEX; Schema: public; Owner: -
--

CREATE INDEX auth_group_permissions_group_id_b120cbf9 ON public.auth_group_permissions USING btree (group_id);


--
-- TOC entry 3326 (class 1259 OID 16463)
-- Name: auth_group_permissions_permission_id_84c5c92e; Type: INDEX; Schema: public; Owner: -
--

CREATE INDEX auth_group_permissions_permission_id_84c5c92e ON public.auth_group_permissions USING btree (permission_id);


--
-- TOC entry 3313 (class 1259 OID 16448)
-- Name: auth_permission_content_type_id_2f476e4b; Type: INDEX; Schema: public; Owner: -
--

CREATE INDEX auth_permission_content_type_id_2f476e4b ON public.auth_permission USING btree (content_type_id);


--
-- TOC entry 3334 (class 1259 OID 16478)
-- Name: auth_user_groups_group_id_97559544; Type: INDEX; Schema: public; Owner: -
--

CREATE INDEX auth_user_groups_group_id_97559544 ON public.auth_user_groups USING btree (group_id);


--
-- TOC entry 3337 (class 1259 OID 16477)
-- Name: auth_user_groups_user_id_6a12ed8b; Type: INDEX; Schema: public; Owner: -
--

CREATE INDEX auth_user_groups_user_id_6a12ed8b ON public.auth_user_groups USING btree (user_id);


--
-- TOC entry 3340 (class 1259 OID 16492)
-- Name: auth_user_user_permissions_permission_id_1fbb5f2c; Type: INDEX; Schema: public; Owner: -
--

CREATE INDEX auth_user_user_permissions_permission_id_1fbb5f2c ON public.auth_user_user_permissions USING btree (permission_id);


--
-- TOC entry 3343 (class 1259 OID 16491)
-- Name: auth_user_user_permissions_user_id_a95ead1b; Type: INDEX; Schema: public; Owner: -
--

CREATE INDEX auth_user_user_permissions_user_id_a95ead1b ON public.auth_user_user_permissions USING btree (user_id);


--
-- TOC entry 3331 (class 1259 OID 16516)
-- Name: auth_user_username_6821ab7c_like; Type: INDEX; Schema: public; Owner: -
--

CREATE INDEX auth_user_username_6821ab7c_like ON public.auth_user USING btree (username varchar_pattern_ops);


--
-- TOC entry 3346 (class 1259 OID 16512)
-- Name: django_admin_log_content_type_id_c4bce8eb; Type: INDEX; Schema: public; Owner: -
--

CREATE INDEX django_admin_log_content_type_id_c4bce8eb ON public.django_admin_log USING btree (content_type_id);


--
-- TOC entry 3349 (class 1259 OID 16513)
-- Name: django_admin_log_user_id_c564eba6; Type: INDEX; Schema: public; Owner: -
--

CREATE INDEX django_admin_log_user_id_c564eba6 ON public.django_admin_log USING btree (user_id);


--
-- TOC entry 3350 (class 1259 OID 16530)
-- Name: django_session_expire_date_a5c62663; Type: INDEX; Schema: public; Owner: -
--

CREATE INDEX django_session_expire_date_a5c62663 ON public.django_session USING btree (expire_date);


--
-- TOC entry 3353 (class 1259 OID 16529)
-- Name: django_session_session_key_c0390e0f_like; Type: INDEX; Schema: public; Owner: -
--

CREATE INDEX django_session_session_key_c0390e0f_like ON public.django_session USING btree (session_key varchar_pattern_ops);


--
-- TOC entry 3364 (class 1259 OID 16722)
-- Name: farm_cultures_culture_id_6312e055; Type: INDEX; Schema: public; Owner: -
--

CREATE INDEX farm_cultures_culture_id_6312e055 ON public.farm_cultures USING btree (culture_id);


--
-- TOC entry 3367 (class 1259 OID 16721)
-- Name: farm_cultures_farm_id_f882acd1; Type: INDEX; Schema: public; Owner: -
--

CREATE INDEX farm_cultures_farm_id_f882acd1 ON public.farm_cultures USING btree (farm_id);


--
-- TOC entry 3361 (class 1259 OID 16708)
-- Name: farm_owner_id_77c773f4; Type: INDEX; Schema: public; Owner: -
--

CREATE INDEX farm_owner_id_77c773f4 ON public.farm USING btree (owner_id);


--
-- TOC entry 3356 (class 1259 OID 16702)
-- Name: farmer_document_11a9e4e4_like; Type: INDEX; Schema: public; Owner: -
--

CREATE INDEX farmer_document_11a9e4e4_like ON public.farmer USING btree (document varchar_pattern_ops);


--
-- TOC entry 3371 (class 2606 OID 16457)
-- Name: auth_group_permissions auth_group_permissio_permission_id_84c5c92e_fk_auth_perm; Type: FK CONSTRAINT; Schema: public; Owner: -
--

ALTER TABLE ONLY public.auth_group_permissions
    ADD CONSTRAINT auth_group_permissio_permission_id_84c5c92e_fk_auth_perm FOREIGN KEY (permission_id) REFERENCES public.auth_permission(id) DEFERRABLE INITIALLY DEFERRED;


--
-- TOC entry 3372 (class 2606 OID 16452)
-- Name: auth_group_permissions auth_group_permissions_group_id_b120cbf9_fk_auth_group_id; Type: FK CONSTRAINT; Schema: public; Owner: -
--

ALTER TABLE ONLY public.auth_group_permissions
    ADD CONSTRAINT auth_group_permissions_group_id_b120cbf9_fk_auth_group_id FOREIGN KEY (group_id) REFERENCES public.auth_group(id) DEFERRABLE INITIALLY DEFERRED;


--
-- TOC entry 3370 (class 2606 OID 16443)
-- Name: auth_permission auth_permission_content_type_id_2f476e4b_fk_django_co; Type: FK CONSTRAINT; Schema: public; Owner: -
--

ALTER TABLE ONLY public.auth_permission
    ADD CONSTRAINT auth_permission_content_type_id_2f476e4b_fk_django_co FOREIGN KEY (content_type_id) REFERENCES public.django_content_type(id) DEFERRABLE INITIALLY DEFERRED;


--
-- TOC entry 3373 (class 2606 OID 16472)
-- Name: auth_user_groups auth_user_groups_group_id_97559544_fk_auth_group_id; Type: FK CONSTRAINT; Schema: public; Owner: -
--

ALTER TABLE ONLY public.auth_user_groups
    ADD CONSTRAINT auth_user_groups_group_id_97559544_fk_auth_group_id FOREIGN KEY (group_id) REFERENCES public.auth_group(id) DEFERRABLE INITIALLY DEFERRED;


--
-- TOC entry 3374 (class 2606 OID 16467)
-- Name: auth_user_groups auth_user_groups_user_id_6a12ed8b_fk_auth_user_id; Type: FK CONSTRAINT; Schema: public; Owner: -
--

ALTER TABLE ONLY public.auth_user_groups
    ADD CONSTRAINT auth_user_groups_user_id_6a12ed8b_fk_auth_user_id FOREIGN KEY (user_id) REFERENCES public.auth_user(id) DEFERRABLE INITIALLY DEFERRED;


--
-- TOC entry 3375 (class 2606 OID 16486)
-- Name: auth_user_user_permissions auth_user_user_permi_permission_id_1fbb5f2c_fk_auth_perm; Type: FK CONSTRAINT; Schema: public; Owner: -
--

ALTER TABLE ONLY public.auth_user_user_permissions
    ADD CONSTRAINT auth_user_user_permi_permission_id_1fbb5f2c_fk_auth_perm FOREIGN KEY (permission_id) REFERENCES public.auth_permission(id) DEFERRABLE INITIALLY DEFERRED;


--
-- TOC entry 3376 (class 2606 OID 16481)
-- Name: auth_user_user_permissions auth_user_user_permissions_user_id_a95ead1b_fk_auth_user_id; Type: FK CONSTRAINT; Schema: public; Owner: -
--

ALTER TABLE ONLY public.auth_user_user_permissions
    ADD CONSTRAINT auth_user_user_permissions_user_id_a95ead1b_fk_auth_user_id FOREIGN KEY (user_id) REFERENCES public.auth_user(id) DEFERRABLE INITIALLY DEFERRED;


--
-- TOC entry 3377 (class 2606 OID 16502)
-- Name: django_admin_log django_admin_log_content_type_id_c4bce8eb_fk_django_co; Type: FK CONSTRAINT; Schema: public; Owner: -
--

ALTER TABLE ONLY public.django_admin_log
    ADD CONSTRAINT django_admin_log_content_type_id_c4bce8eb_fk_django_co FOREIGN KEY (content_type_id) REFERENCES public.django_content_type(id) DEFERRABLE INITIALLY DEFERRED;


--
-- TOC entry 3378 (class 2606 OID 16507)
-- Name: django_admin_log django_admin_log_user_id_c564eba6_fk_auth_user_id; Type: FK CONSTRAINT; Schema: public; Owner: -
--

ALTER TABLE ONLY public.django_admin_log
    ADD CONSTRAINT django_admin_log_user_id_c564eba6_fk_auth_user_id FOREIGN KEY (user_id) REFERENCES public.auth_user(id) DEFERRABLE INITIALLY DEFERRED;


--
-- TOC entry 3380 (class 2606 OID 16716)
-- Name: farm_cultures farm_cultures_culture_id_6312e055_fk_culture_id; Type: FK CONSTRAINT; Schema: public; Owner: -
--

ALTER TABLE ONLY public.farm_cultures
    ADD CONSTRAINT farm_cultures_culture_id_6312e055_fk_culture_id FOREIGN KEY (culture_id) REFERENCES public.culture(id) DEFERRABLE INITIALLY DEFERRED;


--
-- TOC entry 3381 (class 2606 OID 16711)
-- Name: farm_cultures farm_cultures_farm_id_f882acd1_fk_farm_id; Type: FK CONSTRAINT; Schema: public; Owner: -
--

ALTER TABLE ONLY public.farm_cultures
    ADD CONSTRAINT farm_cultures_farm_id_f882acd1_fk_farm_id FOREIGN KEY (farm_id) REFERENCES public.farm(id) DEFERRABLE INITIALLY DEFERRED;


--
-- TOC entry 3379 (class 2606 OID 16703)
-- Name: farm farm_owner_id_77c773f4_fk_farmer_id; Type: FK CONSTRAINT; Schema: public; Owner: -
--

ALTER TABLE ONLY public.farm
    ADD CONSTRAINT farm_owner_id_77c773f4_fk_farmer_id FOREIGN KEY (owner_id) REFERENCES public.farmer(id) DEFERRABLE INITIALLY DEFERRED;


-- Completed on 2024-10-18 11:22:24 -04

--
-- PostgreSQL database dump complete
--

